{"cameraMode":{"drawMode":0,"name":"Shaded","section":"Shading Mode"},"sceneLighting":false,"audioPlay":false,"sceneViewState":{"m_AlwaysRefresh":false,"showFog":true,"showSkybox":false,"showFlares":true,"showImageEffects":true,"showParticleSystems":true,"showVisualEffectGraphs":true,"m_FxEnabled":true},"in2DMode":false,"pivot":{"x":-30.799999237060548,"y":0.6600000858306885,"z":-14.550000190734864},"rotation":{"x":0.6436394453048706,"y":-0.008709464222192765,"z":0.00731742475181818,"w":0.7652281522750855},"size":0.8660253882408142,"orthographic":false}